{"Bernie Sanders": [0.10487914862914863, 0.04665178571428572, 0.10625000000000001, 0.023636363636363626, 0.25, 0.18190476190476193, 0.08357142857142857, 0.02779882154882155, 0.17607473544973545, -0.01837121212121212, 0.10357142857142858, 0.036235119047619044, 0.05, 0.038045634920634924, -0.15833333333333333, 0.03225308641975309, 0.16666666666666669, 0.03464285714285714, 0.11416666666666667, 0.075, 0.10222388722388723], "JohnCornyn": [0.0, 0.08875430125430125, 0.00031565656565656373, 0.17244897959183675, 0.01163492063492064, 0.07137953192640692, 0.06785714285714285, 0.14797521151687817, 0.225], "Theresa May": [0, 0.13636363636363635, 0, 0, 0.7, 0.06666666666666667, 0.4924242424242424, 0.55625, 0, 0, 0, 0, 0, 0, 0, 0, 0, 0.24675324675324675, 0, 0, 0.5, 0, 0, 0.2583333333333333, 0.5, 0.3954545454545455, 0, 0, 0.6781250000000001, -0.2875, 0, 0, 0, 0, 0, 0.4, 0.125, 0, 0, 0.23068181818181818, 0, 0.0, 0, 0.175, 0, 0, 0.6666666666666666, 0, 0, 0, 0, 0, 0.0, 0, 0, 0.09545454545454546, 0.06818181818181818, 0, 0.0, 0.0, 0, 0, 0.6625000000000001, 0.8, 0.125, 0, 0, 0, 0, 0, 0, 0, 0, 0, 0.25, 0, 0, 0.2, 0, 0, 0.0, 0, -0.2, 0.1957351290684624, 0.2748597797704941, 0.16690129755605945, 0.23321608946608946, 0.023809523809523808], "Ted Cruz": [0.0, 0.16915383998717332, 0.1904761904761905, 0.2356060606060606, -0.12, 0.2746060924369748, 0.07355889724310777, 0.12649147727272728, 0.10946969696969697, 0.3333333333333333, 0.001967592592592588, -0.017499999999999998, 0.10134680134680135, 0.06934436531210725], "Elizabeth Warren": [0.3833333333333333, -0.06283630952380953, 0.09188034188034189, -0.17257094757094757, 0.19444444444444445, 0.061977040816326524, 0.109375, 0, 0, 0, 0.061340187590187584, 0.044126262626262625, 0.014502164502164504, 0.06768626110731374, -0.10916666666666666, -0.021410533910533915, 0.05], "Nicola Sturgeon": [0.15289502164502164, 0.15015405015405014, 0.2790317874692875, 0.25101190476190477, 0.3113612313612314, 0.3521624979958313, 0.24654408274474066, 0.19675324675324676], "Hillary Clinton": [0.0, 0, 0, 0.1, 0.35, 0.425, -0.15000000000000002, 0.22604166666666667, 0.0, 0.3333333333333333, 0.4666666666666666, 0.10000000000000002, 0.0, 0.0, 0.0, 0.0, 0.0, 0, 0.5333333333333333, 0.3, 0, 0, 0, 0, 0.26944444444444443, 0, 0, 0.0, 0, 0, 0, 0, 0, 0, 0, 0, 0, 0.0, 0.325, 0, 0.45, 0, 0, 0.18946555165018467, 0.19679601993198484], "Chris Murphy": [0.14817171717171718, -0.011824344636844637, 0.08994633838383838, -0.016444778669043366, 0.09393338143338144, 0.09012547348484848, 0.04916453495998951, 0.09717352092352093], "Paul Ryan": [0.05695519019987105, 0.0934637617673332, 0.06661054994388328, 0.06950757575757575], "Donald J. Trump": [0.2533885582010582, 0.19416666666666668, -0.022638888888888882, 0.24024864024864023, 0.09774116054249983, 0.0714088883825726, 0.24805194805194805, 0.013984204793028325, 0.2046969696969697, 0.08055059523809524, 0.0531969696969697, 0.22812129756208704, 0.14421802612592086, -0.016028613199665833], "President Obama": [0, 0, 0, 0, 0, 0, 0, 0, 0, 0, 0, 0, 0, 0, 0, 0, 0, 0, 0, 0.314484126984127, 0.3625, 0.2, 0.08333333333333333, 0, 0, 0.06172438672438673, 0, 0, 0.75, 0.8, 0.375, 0.5765625, 0.3761904761904762, 0, 0.2833333333333334, 0, 0.0, 0, 0.0625, 0.30000000000000004, 0, 0, 0.2, 0.5, 0, 0.2625, 0, 0, 0, 0.1, 0.63125, 0.33333333333333337, 0.29363636363636364, 0.05333333333333334, 0.049074074074074076, 0.08680555555555555, 0.4388888888888889, 0.23888888888888887, 0.2261904761904762, 0, 0, 0, 0, 0, 0.19318181818181818, 0.2958333333333334, 0, 0.39140625, 0.1398148148148148, 0.35, 0, 0, 0.4, 0.0, 0.5, 0.10833333333333334, 0, 0.3333333333333333, 0.72, 0.0, 0.5, 0.3, 0.21428571428571427, 0, 0, 0.6666666666666666, 0.4, 0.3404761904761905, 0.4184523809523809, 0, 0.295, 0, 0, 0, 0, 0.0, 0.3143939393939394, 0.0, 0, 0, 0, 0, 0.0, 0, 0, 0, 0.01428571428571429, 0, 0, 0, 0.0, 0.5416666666666666, 0, 0.48333333333333334, 0.0, 0, 0.05, 0, 0.0, 0.8, 0, -0.02777777777777779, 0.4166666666666667, 0, 0.11190476190476191, 0.5428571428571428, 0, 0.06458333333333334, 0.4, 0, 0.0, 0.135, 0, 0.23928571428571427, 0.175, 0, 0.18, 0.2125, 0.35000000000000003, 0.0, 0, 0.21066666666666667, 0.0, 0.32458110516934047, 0, 0.8, 0.040925925925925935, 0, 0, 0.35714285714285715, 0.4, -0.025, 0.5, 0, 0.13333333333333333, 0.10555555555555556, 0, 0, 0.26481481481481484, 0.675, 0, 0, 0.055934343434343434, 0, 0.225, 0.0, 0, 0, 0.0, 0.5261904761904761, 0.1, 0.06136363636363636], "Cory Booker": [0.18615768799102134, 0.08040123456790123, 0.08079775022956841, 0.042559523809523804], "Kirsten Gillibrand": [-0.06641414141414141, 0.03619829244829245, 0.12615259740259743, -0.09832993803582038, 0.08277777777777777, -0.011607142857142864, 0.24658940596440596, 0.1391184573002755, 0.06683177933177933, 0.25054112554112556, 0.05544823232323233, -0.10535714285714284, 0.3087357954545455, 0.07284255599472991, 0.14559228650137743, 0.06545454545454546]}