{"SenGillibrand": [0.013467193580829947, 0.010805055159893884, 0.167144314019314, 0.11705416231278301, 0.035523200757575764, 0.13371823069403715, 0.08238736572069906, 0.22211111111111112, 0.11183296614100185, 0.10458201058201058, 0.19184587813620071, 0.24182162534435261, 0.15275748556998556, 0.1281347962382445, -0.08664502164502165, 0.10468790468790469, 0.16684098236832612, 0.204375, 0.1734681637806638, 0.21603127362055935, 0.19770677273434625, 0.25375035245724903, 0.2293370691808192, 0.14607717385495161, 0.17205509334415584, 0.11649224533370875, 0.1925314328221305, 0.21892442402646484, 0.2801724137931034, 0.2181929181929182, 0.15191349882756133, 0.23177308802308802, 0.20843339861197002, 0.3231293402777778, 0.24376503126503127, 0.1408255293459375, 0.20684119733752088, 0.21024319359778543, 0.10712715206249689, 0.10078378481787573, 0.09685222011784513, 0.07990911418330773, 0.1878516139657444, 0.21574162895185622, 0.1593333545539428, 0.19078907699443415, 0.23433361981156098, 0.2642019020251779, 0.188356114965704, 0.18077272154653107, 0.23674286299286298, 0.2319832251082251, 0.19901453952793238, 0.20687003968253967, 0.23859826398091705, 0.31260645013969485, 0.29321482683982686, 0.12486484055202167, 0.16780046462158532, 0.16929540367040366, 0.21239310809962983, 0.12106761132923924, 0.24197668650793652, 0.2389017273576097, 0.25225498068240004, 0.16119343949701093, 0.16422701719576718, 0.10267058867058867, 0.20176360948419772, 0.2294674568263278, 0.2527760673234811, 0.4247222222222222], "CoryBooker": [0.13486265718408577, 0.09926985214673657, 0.14940401229362268, 0.0782312925170068, 0.07685683364254793, 0.10173307321333637, 0.051167285095856524, 0.04995891955266955, 0.03374255952380952, 0.13243472509776857, 0.0732318722943723, 0.05311147186147187, 0.1823953823953824, 0.22782294913419912, 0.15451658012495778, 0.14675898973312768, 0.19121584699453553, 0.18297318422318423, 0.21117033825093035, 0.22062758719955688, 0.2671231080355168, 0.13052462037705093, 0.2038193354264783, 0.20815598513874375, 0.10711729306047488, 0.14343577943092506, 0.16231520385932152, 0.17210743801652892, 0.2308475378787879, 0.029166666666666664, 0.29658270202020204, 0.17014359066859067, 0.15457279565621004, 0.18273126197729372, -0.017931547619047625], "tedcruz": [0.13400823713323712, 0.12172619047619047, 0.15365410052910053, 0.17551136363636363, 0.0045687134502923965, 0.07096593642048186, 0.1100503784714311, 0.1379018847006652, 0.12109848484848484, 0.07234848484848486, 0.13885281385281387, 0.13218954248366013, 0.053620580808080805, 0.13080808080808082, 0.13506347256347256, 0.051456007442849554, -0.03686904761904762, 0.07844102792632204, 0.11817180955900468, 0.09598093829686295, 0.10716707895279325, 0.10053751803751804, 0.10598536066128658, 0.06020539995918783, 0.0916125541125541, 0.1501557239057239, 0.15604001098404083, 0.1265722703222703, 0.20317825814536342, 0.12781935205715694, 0.10153449945116612, 0.1564158744305803, 0.15753367003367003, 0.0344208211143695, 0.1985930735930736, 0.10399899137144035, 0.10937049062049062, 0.13057682083997874, 0.14568768996960488, 0.18315561072914013, 0.13483020683020683, 0.07769444444444445, 0.11783216783216782, 0.16605113636363636, 0.20673448773448774, 0.16110060845162588, 0.10858248681486567, 0.1492764324795575, 0.14967716617083357, 0.18856685815424654, 0.11613929473304474, 0.12965663965663965], "HillaryClinton": [0.0, 0.22499999999999998, 0.13749999999999998, 0.11302083333333333, 0.3, 0.0, 0.0, 0.5333333333333333, 0.24, 0, 0.26944444444444443, 0.0, 0, 0, 0, 0, 0.21666666666666667, 0.45, 0.18963057310148504, 0.10506175946405204, 0.1257127578109721, 0.1498174518788554, 0.13242961156871663, 0.08404505103949549, 0.129159541610329, 0.17256315783413687, 0.08067346460728814, 0.12550000988357152, 0.07931084891869206, 0.08777738565782044, 0.15076428392544095, 0.15148714864107427, 0.1828724419519874, 0.14052290392622424, 0.15684759499759499], "SpeakerRyan": [0.08013029144416006, 0.0927122825414751, 0.14325891053391054, 0.17674242424242426, 0.10238060100073088, 0.08607937553589727, 0.11179801933226591, 0.11909762991954773, 0.16353320438426822, 0.09955490050884788, 0.10047990305271859, 0.07637333930437379, 0.1390725196213001, 0.13139563227292586, 0.12387262043512044, 0.1243558843774361, 0.2202192331478046, 0.16179274677042535, 0.14414275811334634, 0.12265059366961541, 0.11622506288489895, 0.08083168091671493, 0.09126713564213564, 0.12344585447408028, 0.1191723046231243, 0.10649066033681417, 0.08740727654698244, 0.09324194324194324], "realDonaldTrump": [0.1970614769345238, 0.14508323563011064, 0.1349164468992055, 0.08344172031672033, 0.08586251023751024, 0.09319163059163059, 0.01964694462208668, 0.03929788961038961, 0.21472903460626677, 0.05843834688346884, 0.0669737398616709, 0.3632174422799423, 0.1872635841170324, 0.1633999175427747, 0.14138001638001638, 0.11998422676614166, 0.07623762626262626, 0.19691445062873633, 0.26095482954545457, 0.20838541088541088, 0.07407172649447931, 0.0871918829260099, 0.038232177653929625, 0.0835575711766188, 0.0749261838307891, 0.2017139620999915, 0.1914967382154882, 0.13943494683226826, 0.12152125147579694, 0.12156028449431228, 0.15407612252088998, 0.06273493232119992, 0.0348921825891004, 0.023749133236725152, 0.20299589768339768, 0.10042717467717469, 0.07574664695423625, 0.0652866680085883, 0.1236063661670005, 0.11067801256120928, 0.12598682760141094, 0.1901983116179121, 0.21781326297090806, 0.1760305864214808, 0.16562980571016286, 0.2263239734299517, 0.16721355182292683, 0.22256483341908548, 0.254116391184573, 0.2615317002748069, 0.20116825139146569], "ChrisMurphyCT": [0.0772091797091797, 0.02386529771398193, 0.06588871613519501, 0.091396036514571, 0.08398606601731602, 0.07374029200248712, 0.08125750181066273, -0.040127770239710536, 0.06897498536085493, 0.07812210869196164, 0.01564644704888607, 0.15989481872294373, 0.09512886804553472, 0.05237158674658675, 0.10606769067612441, 0.011223335842901062, 0.03887896126268219, 0.12992796859573175, 0.194794697561091, 0.18334137948108536, 0.2002235837516825, 0.10462842712842713, 0.08758935040580611, 0.175186056998557, 0.11152946515849742, 0.11500181531431532, 0.11021542069409133, 0.1874618868262936, 0.17790895661266032, 0.16347118585605427, 0.15053845331623109, 0.035387806637806635, 0.09688176406926408, 0.19736308610517472, 0.23092292343073592, 0.08443813131313131, 0.1399041551882461, 0.12863954285187162, 0.09551796769538705, 0.04786464775304061, 0.13579147704147704, 0.11983713297571993, 0.12963096229848808, 0.1466525413956921, 0.17324386193871488, 0.1653498454868318, 0.18907878818977958, 0.17514632936507937, 0.2041445707070707], "potus44": [0, 0, 0, 0, 0, 0, 0, 0, 0.3336904761904762, 0.14166666666666666, 0, 0.06172438672438673, 0.775, 0.47607886904761904, 0.2833333333333334, 0.0, 0.23611111111111113, 0.016666666666666666, 0.35, 0.2625, 0, 0.3125, 0.22676767676767678, 0.06416666666666666, 0.32857142857142857, 0.18571428571428572, 0, 0.24450757575757578, 0.39140625, 0.1923611111111111, 0.4, 0.0, 0.20625000000000002, 0.5266666666666666, 0.26666666666666666, 0.21428571428571427, 0.6, 0.34869047619047616, 0.295, 0, 0.0, 0.20959595959595959, 0, 0.0, 0, 0.01428571428571429, 0, 0.2708333333333333, 0.48333333333333334, 0.03333333333333333, 0.0, 0.3861111111111111, 0.4166666666666667, 0.17346938775510204, 0.06458333333333334, 0.2, 0.135, 0.20714285714285713, 0.18, 0.19375, 0.17555555555555555, 0.32458110516934047, 0.14936507936507937, 0, 0.24404761904761907, 0.5, 0.11944444444444444, 0.32222222222222224, 0.41250000000000003, 0.055934343434343434, 0.15, 0, 0.35079365079365077, 0.13210227272727273, 0.0, 0, 0.13363095238095238, 0.22589285714285715, 0.026476337448559664, 0.23333333333333334, 0.18888888888888888, 0.14444444444444443, 0.7, 0.3375, 0.1869973544973545, 0.38125, 0.38039772727272725, 0.1796701388888889, 0.36444444444444446, 0.1517113095238095, 0.30299823633156964, 0.2261574074074074, 0.0, 0.2, 0.14339826839826839, 0.34543650793650793],