{"Bernie Sanders": [0.13882034632034632, 0.024318181818181826, 0.11634920634920635, 0.0916924345495774, 0.10407738095238095, 0.01643650793650794, -0.03498263888888889, 0.05117559523809524], "Theresa May": [0.13636363636363635, 0.7, 0.27954545454545454, 0.55625, 0, 0, 0, 0.24675324675324675, 0.5, 0.3, 0.35833333333333334, 0.3954545454545455, 0.35625, 0, 0, 0.21666666666666667, 0.23068181818181818, 0.0, 0.175, 0.6666666666666666, 0, 0, 0.0, 0.09545454545454546, 0.04545454545454545, 0.0, 0.6625000000000001, 0.35000000000000003, 0, 0, 0, 0.25, 0, 0.2, 0.0, 0.1710016835016835, 0.23863823067770437], "Cory Booker": [0.13369343949701093, 0.06856789044289044], "Kirsten Gillibrand": [0.013467193580829947, 0.010805055159893884, 0.167144314019314, 0.11705416231278301, 0.035523200757575764, 0.3528409090909091], "Donald J. Trump": [0.1970614769345238, 0.14508323563011064, 0.1349164468992055, 0.08344172031672033, 0.09126791564291564], "Ted Cruz": [0.1615876022126022, 0.12172619047619047, 0.16849785052910052, 0.17134469696969698, 0.026180555555555554], "Chris Murphy": [0.0772091797091797, 0.02386529771398193, 0.06633310456481188], "Hillary Clinton": [0.0, 0.22499999999999998, 0.13749999999999998, 0.11302083333333333, 0.3, 0.0, 0.0, 0.5333333333333333, 0.24, 0, 0.26944444444444443, 0.0, 0, 0, 0, 0, 0.21666666666666667, 0.45, 0.1983562145469473], "Elizabeth Warren": [-0.010354853479853479, 0.015785619803476942, 0.07921266233766233, 0, 0.05408535908535908, 0.046631057114928084, -0.125], "President Obama": [0, 0, 0, 0, 0, 0, 0, 0, 0.3336904761904762, 0.14166666666666666, 0, 0.06172438672438673, 0.775, 0.47607886904761904, 0.2833333333333334, 0.0, 0.23611111111111113, 0.016666666666666666, 0.35, 0.2625, 0, 0.3125, 0.22676767676767678, 0.06416666666666666, 0.32857142857142857, 0.18571428571428572, 0, 0.24450757575757578, 0.39140625, 0.1923611111111111, 0.4, 0.0, 0.20625000000000002, 0.5266666666666666, 0.26666666666666666, 0.21428571428571427, 0.6, 0.34869047619047616, 0.295, 0, 0.0, 0.20959595959595959, 0, 0.0, 0, 0.01428571428571429, 0, 0.2708333333333333, 0.48333333333333334, 0.03333333333333333, 0.0, 0.3861111111111111, 0.4166666666666667, 0.17346938775510204, 0.06458333333333334, 0.2, 0.135, 0.20714285714285713, 0.18, 0.19375, 0.17555555555555555, 0.1625], "Nicola Sturgeon": [0.16066310098918796, 0.289068626314162, 0.45898760330578514], "JohnCornyn": [0.06906919333389921, 0.10831413210445469, 0.036133048633048635], "Paul Ryan": [0.08232007246605787, 0.07435897435897436]}