{"tedcruz": [0.15396825396825398, 0.33288690476190474, 0.34367283950617283, 0.3416666666666667, 0.23084795321637427, 0.22098047575320304, 0.3038812308549151, 0.26550522648083624, 0.22782828282828282, 0.17951672812783925, 0.24619047619047618, 0.21658496732026145, 0.30092487373737375, 0.36637205387205385, 0.21407657657657658, 0.4193254917597023, 0.29442261904761907, 0.30331897405426816, 0.25357846760285785, 0.32458093656723797, 0.30799268192125334, 0.35629820712012494, 0.29067446956335846, 0.2616461330476482, 0.33293249959916627, 0.27236772486772487, 0.3283973799832009, 0.2782347282347282, 0.30908364661654136, 0.2987835673811284, 0.22535643368976702, 0.31998415527827295, 0.3541245791245791, 0.42448069403714567, 0.337625313283208, 0.32488294018906266, 0.3123015873015873, 0.16526315789473683, 0.24703647416413374, 0.3107832526950174, 0.2922116402116402, 0.3248333333333333, 0.283479020979021, 0.37425213675213675, 0.40315873015873016, 0.22663243733011174, 0.24396694816849002, 0.3003219064074327, 0.2757741035274075, 0.325982560296846, 0.27308382959398186, 0.36436082436082434], "CoryBooker": [0.3537683810898097, 0.3554123128871873, 0.3883608425004529, 0.27406462585034014, 0.31788497217068645, 0.25882019442545756, 0.33092918985776126, 0.2887541035353535, 0.37671130952380955, 0.3443761502185415, 0.28784945317840055, 0.22754329004329005, 0.4099062049062049, 0.36515733044733045, 0.4113738832089896, 0.3295636993912856, 0.3796523982999393, 0.4329298941798942, 0.39494433289663555, 0.3709163787951667, 0.4335781037697096, 0.4295202187216076, 0.3675698507841365, 0.35305499162395715, 0.3022350999169181, 0.37724204597991007, 0.33891392920804686, 0.1971763085399449, 0.3675603693181818, 0.24444444444444444, 0.3800648148148148, 0.3582241462241462, 0.3182356008669238, 0.37536911060720585, 0.26089285714285715], "SpeakerRyan": [0.25511601942258877, 0.21109478857926062, 0.3141275974025974, 0.3375427746856318, 0.28178433219017635, 0.25921325051759836, 0.3022819189942478, 0.32554310225543104, 0.38735946087009915, 0.291178957494747, 0.28877936788130965, 0.2773137781758471, 0.35268833808467953, 0.3176505057124323, 0.33857007575757575, 0.31693698755480365, 0.35417017109874255, 0.30260105304748164, 0.3338701263333616, 0.30689643589100113, 0.28454579952530773, 0.29753765383017083, 0.2920075146134468, 0.2995126330509395, 0.3145010587975069, 0.3559913021451483, 0.2977146323175735, 0.22440917107583774], "theresa_may": [0.45454545454545453, 0.6000000000000001, 0.6484848484848484, 0.6166666666666667, 0.5, 0.5, 0.5, 0.512987012987013, 0.5, 0.4, 0.4666666666666667, 0.6515151515151515, 0.575, 0.5, 0.5, 0.23888888888888887, 0.5460227272727273, 0.0, 0.275, 0.445, 0.5, 0.5, 0.0, 0.38055555555555554, 0.16666666666666666, 0.0, 0.8125, 0.65, 0.5, 0.5, 0.5, 0.2, 0.5, 0.3, 0.0, 0.37411195286195287, 0.4504763869244067, 0.2713680797522261], "HillaryClinton": [0.0, 0.6000000000000001, 0.7590277777777777, 0.20677083333333335, 0.6185185185185185, 0.0, 0.0, 0.31666666666666665, 0.385, 0.5, 0.6805555555555555, 0.0, 0.5, 0.5, 0.5, 0.5, 0.25, 0.7, 0.3406164898460496, 0.30579777815585674, 0.3538416163862592, 0.35096125994700555, 0.3385867464247814, 0.3449527042915932, 0.3457478790894145, 0.3767037799030806, 0.33083010943305063, 0.37008168360051924, 0.3546050785634119, 0.34202950833385615, 0.3982298735087991, 0.3390923053836277, 0.333835273733001, 0.31511664984321236, 0.31796229757896427], "BernieSanders": [0.5078327922077922, 0.4112142857142857, 0.281031746031746, 0.36811900896722327, 0.26553571428571426, 0.21928571428571428, 0.31232638888888886, 0.32219887955182075, 0.27612833878140003, 0.32153328924162256, 0.3705876848845599, 0.2949446473665224, 0.37650396825396826, 0.4048055555555556, 0.3179365079365079, 0.27964015151515154, 0.19845839345839345, 0.221001221001221, 0.33589700475293693, 0.3421332671957672, 0.34938452468940273, 0.335501066098081, 0.35417493386243387, 0.35903650026838435, 0.37934204339055083, 0.3926678309064673, 0.36660174773546866, 0.3131842556842557, 0.4614122708567153, 0.4078008118956395, 0.36367314814814816, 0.4247896825396825, 0.3002877413591699, 0.31762987012987015, 0.36494254915896707, 0.3609519467158356, 0.3377833966078014, 0.4004402299640395, 0.2802777777777778, 0.3333322253143682, 0.3590846930846931, 0.36099835960685017, 0.3493667575810433, 0.3430332739156269, 0.2911693191403336, 0.32584438765161655, 0.3355057005057005, 0.3455745271593486, 0.30422573524359237, 0.3817823340264285, 0.32106801485933717, 0.3242414057304768, 0.3179891032407811, 0.299860101538673], "JohnCornyn": [0.20901027077497666, 0.2799091141833077, 0.22843490931726226, 0.22899013754276912, 0.29876367845117846, 0.2664154853860736, 0.2306511544011544, 0.2829144385026738, 0.3397602397602398, 0.3222893008762574, 0.29743449532923216, 0.3431466176920722, 0.2666232946346583, 0.2074163812969783, 0.2388761801016703, 0.29977373737373736, 0.2810564234477278, 0.30051627384960716, 0.29943241943241944, 0.257303268468317, 0.2355403329835148, 0.2609546657046657, 0.24524436437546193, 0.2343042513042513, 0.2716922503154387, 0.27236963228342537, 0.26151147959183674, 0.19316213764233567, 0.23040453555159437, 0.22483378561736772, 0.2564260739260739, 0.321709329318025, 0.3165637318521934, 0.2748087946980352, 0.2843342151675485, 0.23543190525949145, 0.29135423400129284, 0.2524827620832775, 0.3195368955663073],